run,threshold,recall,precision,macro_f1
logreg_enrollment_only_v2_tuned,,0.5523,0.6461,0.4780
logreg_enrollment_only_v2_tuned,0.2000,0.8434,0.4483,0.4209
logreg_enrollment_only_v2_tuned,0.2100,0.8267,0.4597,0.4274
logreg_enrollment_only_v2_tuned,0.2200,0.8127,0.4695,0.4324
logreg_enrollment_only_v2_tuned,0.2300,0.7968,0.4809,0.4392
logreg_enrollment_only_v2_tuned,0.2400,0.7854,0.4936,0.4470
logreg_enrollment_only_v2_tuned,0.2500,0.7661,0.5029,0.4512
logreg_enrollment_only_v2_tuned,0.2600,0.7546,0.5129,0.4553
logreg_enrollment_only_v2_tuned,0.2700,0.7414,0.5223,0.4600
logreg_enrollment_only_v2_tuned,0.2800,0.7265,0.5350,0.4630
logreg_enrollment_only_v2_tuned,0.2900,0.7089,0.5453,0.4638
logreg_enrollment_only_v2_tuned,0.3000,0.6878,0.5546,0.4678
logreg_enrollment_only_v2_tuned,0.3100,0.6755,0.5676,0.4705
logreg_enrollment_only_v2_tuned,0.3200,0.6570,0.5773,0.4727
logreg_enrollment_only_v2_tuned,0.3300,0.6456,0.5905,0.4747
logreg_enrollment_only_v2_tuned,0.3400,0.6262,0.5948,0.4729
logreg_enrollment_only_v2_tuned,0.3500,0.6104,0.6077,0.4746
logreg_enrollment_only_v2_tuned,0.3600,0.5910,0.6131,0.4722
logreg_enrollment_only_v2_tuned,0.3700,0.5734,0.6257,0.4741
logreg_enrollment_only_v2_tuned,0.3800,0.5567,0.6407,0.4750
logreg_enrollment_only_v2_tuned,0.3900,0.5374,0.6493,0.4732
logreg_enrollment_only_v2_tuned,0.4000,0.5207,0.6570,0.4717
logreg_enrollment_only_v2_tuned,0.4100,0.5075,0.6702,0.4709
logreg_enrollment_only_v2_tuned,0.4200,0.4943,0.6763,0.4698
logreg_enrollment_only_v2_tuned,0.4300,0.4828,0.6845,0.4701
logreg_enrollment_only_v2_tuned,0.4400,0.4767,0.6940,0.4730
logreg_enrollment_only_v2_tuned,0.4500,0.4635,0.7008,0.4720
logreg_enrollment_only_v2_tuned,0.4600,0.4565,0.7090,0.4726
logreg_enrollment_only_v2_tuned,0.4700,0.4468,0.7206,0.4730
logreg_enrollment_only_v2_tuned,0.4800,0.4362,0.7294,0.4723
logreg_enrollment_only_v2_tuned,0.4900,0.4274,0.7386,0.4712
logreg_enrollment_only_v2_tuned,0.5000,0.4213,0.7496,0.4726
logreg_enrollment_only_v2_tuned,0.5100,0.4151,0.7540,0.4710
logreg_enrollment_only_v2_tuned,0.5200,0.4081,0.7594,0.4692
logreg_enrollment_only_v2_tuned,0.5300,0.3993,0.7579,0.4669
logreg_enrollment_only_v2_tuned,0.5400,0.3958,0.7679,0.4668
logreg_enrollment_only_v2_tuned,0.5500,0.3852,0.7725,0.4642
logreg_enrollment_only_v2_tuned,0.5600,0.3808,0.7816,0.4648
logreg_enrollment_only_v2_tuned,0.5700,0.3764,0.7955,0.4651
logreg_enrollment_only_v2_tuned,0.5800,0.3694,0.8077,0.4644
logreg_enrollment_only_v2_tuned,0.5900,0.3624,0.8142,0.4627
logreg_enrollment_only_v2_tuned,0.6000,0.3580,0.8189,0.4613
logreg_enrollment_only_v2_tuned,0.6100,0.3562,0.8248,0.4609
logreg_enrollment_only_v2_tuned,0.6200,0.3500,0.8309,0.4590
logreg_enrollment_only_v2_tuned,0.6300,0.3448,0.8412,0.4580
logreg_enrollment_only_v2_tuned,0.6400,0.3404,0.8487,0.4572
logreg_enrollment_only_v2_tuned,0.6500,0.3325,0.8494,0.4543
logreg_enrollment_only_v2_tuned,0.6600,0.3307,0.8507,0.4536
logreg_enrollment_only_v2_tuned,0.6700,0.3281,0.8575,0.4529
logreg_enrollment_only_v2_tuned,0.6800,0.3245,0.8581,0.4516
logreg_enrollment_only_v2_tuned,0.6900,0.3219,0.8652,0.4521
logreg_enrollment_only_v2_tuned,0.7000,0.3166,0.8717,0.4505
forest_enrollment_only_v2_tuned,,0.6464,0.6277,0.5622
forest_enrollment_only_v2_tuned,0.2000,0.8839,0.4332,0.4376
forest_enrollment_only_v2_tuned,0.2100,0.8654,0.4419,0.4508
forest_enrollment_only_v2_tuned,0.2200,0.8505,0.4542,0.4658
forest_enrollment_only_v2_tuned,0.2300,0.8408,0.4679,0.4805
forest_enrollment_only_v2_tuned,0.2400,0.8259,0.4783,0.4886
forest_enrollment_only_v2_tuned,0.2500,0.8144,0.4874,0.4976
forest_enrollment_only_v2_tuned,0.2600,0.7968,0.4994,0.5065
forest_enrollment_only_v2_tuned,0.2700,0.7819,0.5066,0.5131
forest_enrollment_only_v2_tuned,0.2800,0.7696,0.5171,0.5201
forest_enrollment_only_v2_tuned,0.2900,0.7581,0.5288,0.5284
forest_enrollment_only_v2_tuned,0.3000,0.7502,0.5440,0.5354
forest_enrollment_only_v2_tuned,0.3100,0.7370,0.5557,0.5387
forest_enrollment_only_v2_tuned,0.3200,0.7221,0.5654,0.5437
forest_enrollment_only_v2_tuned,0.3300,0.7080,0.5766,0.5476
forest_enrollment_only_v2_tuned,0.3400,0.6983,0.5921,0.5540
forest_enrollment_only_v2_tuned,0.3500,0.6869,0.6026,0.5564
forest_enrollment_only_v2_tuned,0.3600,0.6737,0.6153,0.5610
forest_enrollment_only_v2_tuned,0.3700,0.6614,0.6246,0.5632
forest_enrollment_only_v2_tuned,0.3800,0.6473,0.6350,0.5646
forest_enrollment_only_v2_tuned,0.3900,0.6332,0.6463,0.5669
forest_enrollment_only_v2_tuned,0.4000,0.6209,0.6610,0.5690
forest_enrollment_only_v2_tuned,0.4100,0.6104,0.6751,0.5706
forest_enrollment_only_v2_tuned,0.4200,0.5989,0.6921,0.5740
forest_enrollment_only_v2_tuned,0.4300,0.5822,0.7065,0.5746
forest_enrollment_only_v2_tuned,0.4400,0.5682,0.7146,0.5729
forest_enrollment_only_v2_tuned,0.4500,0.5479,0.7236,0.5716
forest_enrollment_only_v2_tuned,0.4600,0.5259,0.7284,0.5659
forest_enrollment_only_v2_tuned,0.4700,0.5092,0.7404,0.5635
forest_enrollment_only_v2_tuned,0.4800,0.4960,0.7470,0.5624
forest_enrollment_only_v2_tuned,0.4900,0.4864,0.7586,0.5627
forest_enrollment_only_v2_tuned,0.5000,0.4697,0.7695,0.5596
forest_enrollment_only_v2_tuned,0.5100,0.4609,0.7903,0.5619
forest_enrollment_only_v2_tuned,0.5200,0.4521,0.8069,0.5615
forest_enrollment_only_v2_tuned,0.5300,0.4380,0.8071,0.5565
forest_enrollment_only_v2_tuned,0.5400,0.4274,0.8100,0.5532
forest_enrollment_only_v2_tuned,0.5500,0.4195,0.8238,0.5531
forest_enrollment_only_v2_tuned,0.5600,0.4072,0.8297,0.5502
forest_enrollment_only_v2_tuned,0.5700,0.3949,0.8299,0.5456
forest_enrollment_only_v2_tuned,0.5800,0.3870,0.8349,0.5433
forest_enrollment_only_v2_tuned,0.5900,0.3755,0.8439,0.5394
forest_enrollment_only_v2_tuned,0.6000,0.3597,0.8521,0.5341
forest_enrollment_only_v2_tuned,0.6100,0.3518,0.8677,0.5330
forest_enrollment_only_v2_tuned,0.6200,0.3448,0.8731,0.5306
forest_enrollment_only_v2_tuned,0.6300,0.3342,0.8756,0.5261
forest_enrollment_only_v2_tuned,0.6400,0.3281,0.8818,0.5248
forest_enrollment_only_v2_tuned,0.6500,0.3237,0.8954,0.5242
forest_enrollment_only_v2_tuned,0.6600,0.3201,0.9055,0.5243
forest_enrollment_only_v2_tuned,0.6700,0.3069,0.9065,0.5189
forest_enrollment_only_v2_tuned,0.6800,0.2929,0.9074,0.5129
forest_enrollment_only_v2_tuned,0.6900,0.2841,0.9150,0.5098
forest_enrollment_only_v2_tuned,0.7000,0.2770,0.9211,0.5070
logreg_through_sem1_v2_tuned,,0.7529,0.7629,0.6179
logreg_through_sem1_v2_tuned,0.2000,0.8734,0.6100,0.5383
logreg_through_sem1_v2_tuned,0.2100,0.8663,0.6234,0.5455
logreg_through_sem1_v2_tuned,0.2200,0.8602,0.6326,0.5519
logreg_through_sem1_v2_tuned,0.2300,0.8549,0.6412,0.5597
logreg_through_sem1_v2_tuned,0.2400,0.8470,0.6507,0.5630
logreg_through_sem1_v2_tuned,0.2500,0.8417,0.6577,0.5674
logreg_through_sem1_v2_tuned,0.2600,0.8391,0.6662,0.5742
logreg_through_sem1_v2_tuned,0.2700,0.8364,0.6749,0.5793
logreg_through_sem1_v2_tuned,0.2800,0.8311,0.6818,0.5815
logreg_through_sem1_v2_tuned,0.2900,0.8285,0.6891,0.5862
logreg_through_sem1_v2_tuned,0.3000,0.8250,0.6958,0.5896
logreg_through_sem1_v2_tuned,0.3100,0.8206,0.7052,0.5939
logreg_through_sem1_v2_tuned,0.3200,0.8179,0.7132,0.5993
logreg_through_sem1_v2_tuned,0.3300,0.8109,0.7198,0.6053
logreg_through_sem1_v2_tuned,0.3400,0.8012,0.7276,0.6063
logreg_through_sem1_v2_tuned,0.3500,0.7942,0.7353,0.6065
logreg_through_sem1_v2_tuned,0.3600,0.7828,0.7386,0.6064
logreg_through_sem1_v2_tuned,0.3700,0.7731,0.7468,0.6104
logreg_through_sem1_v2_tuned,0.3800,0.7661,0.7502,0.6119
logreg_through_sem1_v2_tuned,0.3900,0.7608,0.7588,0.6140
logreg_through_sem1_v2_tuned,0.4000,0.7564,0.7692,0.6175
logreg_through_sem1_v2_tuned,0.4100,0.7467,0.7761,0.6196
logreg_through_sem1_v2_tuned,0.4200,0.7441,0.7819,0.6210
logreg_through_sem1_v2_tuned,0.4300,0.7353,0.7872,0.6223
logreg_through_sem1_v2_tuned,0.4400,0.7300,0.7950,0.6230
logreg_through_sem1_v2_tuned,0.4500,0.7247,0.8031,0.6264
logreg_through_sem1_v2_tuned,0.4600,0.7203,0.8109,0.6294
logreg_through_sem1_v2_tuned,0.4700,0.7115,0.8163,0.6292
logreg_through_sem1_v2_tuned,0.4800,0.7001,0.8232,0.6298
logreg_through_sem1_v2_tuned,0.4900,0.6922,0.8284,0.6308
logreg_through_sem1_v2_tuned,0.5000,0.6816,0.8333,0.6292
logreg_through_sem1_v2_tuned,0.5100,0.6719,0.8386,0.6279
logreg_through_sem1_v2_tuned,0.5200,0.6649,0.8466,0.6317
logreg_through_sem1_v2_tuned,0.5300,0.6605,0.8534,0.6343
logreg_through_sem1_v2_tuned,0.5400,0.6579,0.8558,0.6348
logreg_through_sem1_v2_tuned,0.5500,0.6535,0.8590,0.6355
logreg_through_sem1_v2_tuned,0.5600,0.6464,0.8607,0.6342
logreg_through_sem1_v2_tuned,0.5700,0.6447,0.8654,0.6344
logreg_through_sem1_v2_tuned,0.5800,0.6376,0.8683,0.6328
logreg_through_sem1_v2_tuned,0.5900,0.6315,0.8735,0.6334
logreg_through_sem1_v2_tuned,0.6000,0.6280,0.8771,0.6340
logreg_through_sem1_v2_tuned,0.6100,0.6174,0.8786,0.6314
logreg_through_sem1_v2_tuned,0.6200,0.6121,0.8788,0.6301
logreg_through_sem1_v2_tuned,0.6300,0.6086,0.8827,0.6303
logreg_through_sem1_v2_tuned,0.6400,0.6025,0.8827,0.6287
logreg_through_sem1_v2_tuned,0.6500,0.5989,0.8879,0.6298
logreg_through_sem1_v2_tuned,0.6600,0.5928,0.8880,0.6282
logreg_through_sem1_v2_tuned,0.6700,0.5866,0.8905,0.6279
logreg_through_sem1_v2_tuned,0.6800,0.5787,0.8940,0.6273
logreg_through_sem1_v2_tuned,0.6900,0.5734,0.9043,0.6299
logreg_through_sem1_v2_tuned,0.7000,0.5699,0.9088,0.6298
forest_through_sem1_v2_tuned,,0.7590,0.7903,0.6460
forest_through_sem1_v2_tuned,0.2000,0.8909,0.5805,0.5310
forest_through_sem1_v2_tuned,0.2100,0.8821,0.5910,0.5390
forest_through_sem1_v2_tuned,0.2200,0.8777,0.6089,0.5500
forest_through_sem1_v2_tuned,0.2300,0.8725,0.6196,0.5566
forest_through_sem1_v2_tuned,0.2400,0.8654,0.6312,0.5620
forest_through_sem1_v2_tuned,0.2500,0.8558,0.6376,0.5656
forest_through_sem1_v2_tuned,0.2600,0.8470,0.6472,0.5708
forest_through_sem1_v2_tuned,0.2700,0.8355,0.6593,0.5774
forest_through_sem1_v2_tuned,0.2800,0.8276,0.6698,0.5841
forest_through_sem1_v2_tuned,0.2900,0.8206,0.6835,0.5928
forest_through_sem1_v2_tuned,0.3000,0.8171,0.6985,0.5971
forest_through_sem1_v2_tuned,0.3100,0.8109,0.7109,0.6011
forest_through_sem1_v2_tuned,0.3200,0.8021,0.7215,0.6048
forest_through_sem1_v2_tuned,0.3300,0.7951,0.7332,0.6115
forest_through_sem1_v2_tuned,0.3400,0.7880,0.7399,0.6154
forest_through_sem1_v2_tuned,0.3500,0.7836,0.7544,0.6247
forest_through_sem1_v2_tuned,0.3600,0.7748,0.7615,0.6271
forest_through_sem1_v2_tuned,0.3700,0.7687,0.7687,0.6299
forest_through_sem1_v2_tuned,0.3800,0.7608,0.7786,0.6344
forest_through_sem1_v2_tuned,0.3900,0.7537,0.7870,0.6381
forest_through_sem1_v2_tuned,0.4000,0.7432,0.7905,0.6400
forest_through_sem1_v2_tuned,0.4100,0.7379,0.7968,0.6422
forest_through_sem1_v2_tuned,0.4200,0.7353,0.8008,0.6449
forest_through_sem1_v2_tuned,0.4300,0.7300,0.8090,0.6473
forest_through_sem1_v2_tuned,0.4400,0.7212,0.8225,0.6550
forest_through_sem1_v2_tuned,0.4500,0.7142,0.8277,0.6553
forest_through_sem1_v2_tuned,0.4600,0.7054,0.8328,0.6537
forest_through_sem1_v2_tuned,0.4700,0.6957,0.8379,0.6535
forest_through_sem1_v2_tuned,0.4800,0.6860,0.8442,0.6528
forest_through_sem1_v2_tuned,0.4900,0.6799,0.8504,0.6547
forest_through_sem1_v2_tuned,0.5000,0.6675,0.8547,0.6540
forest_through_sem1_v2_tuned,0.5100,0.6596,0.8601,0.6528
forest_through_sem1_v2_tuned,0.5200,0.6517,0.8646,0.6521
forest_through_sem1_v2_tuned,0.5300,0.6429,0.8682,0.6504
forest_through_sem1_v2_tuned,0.5400,0.6359,0.8753,0.6506
forest_through_sem1_v2_tuned,0.5500,0.6262,0.8823,0.6505
forest_through_sem1_v2_tuned,0.5600,0.6192,0.8866,0.6505
forest_through_sem1_v2_tuned,0.5700,0.6095,0.8896,0.6489
forest_through_sem1_v2_tuned,0.5800,0.6025,0.8919,0.6472
forest_through_sem1_v2_tuned,0.5900,0.5937,0.8964,0.6463
forest_through_sem1_v2_tuned,0.6000,0.5901,0.8995,0.6455
forest_through_sem1_v2_tuned,0.6100,0.5814,0.9092,0.6457
forest_through_sem1_v2_tuned,0.6200,0.5770,0.9124,0.6451
forest_through_sem1_v2_tuned,0.6300,0.5690,0.9164,0.6438
forest_through_sem1_v2_tuned,0.6400,0.5532,0.9209,0.6402
forest_through_sem1_v2_tuned,0.6500,0.5427,0.9278,0.6392
forest_through_sem1_v2_tuned,0.6600,0.5383,0.9344,0.6393
forest_through_sem1_v2_tuned,0.6700,0.5277,0.9360,0.6359
forest_through_sem1_v2_tuned,0.6800,0.5154,0.9376,0.6316
forest_through_sem1_v2_tuned,0.6900,0.5101,0.9431,0.6316
forest_through_sem1_v2_tuned,0.7000,0.4925,0.9428,0.6250
logreg_all_features_v2_tuned,,0.7687,0.8078,0.6760
logreg_all_features_v2_tuned,0.2000,0.8971,0.6480,0.5837
logreg_all_features_v2_tuned,0.2100,0.8909,0.6544,0.5915
logreg_all_features_v2_tuned,0.2200,0.8848,0.6597,0.5937
logreg_all_features_v2_tuned,0.2300,0.8795,0.6689,0.5996
logreg_all_features_v2_tuned,0.2400,0.8716,0.6788,0.6052
logreg_all_features_v2_tuned,0.2500,0.8672,0.6852,0.6096
logreg_all_features_v2_tuned,0.2600,0.8610,0.6919,0.6136
logreg_all_features_v2_tuned,0.2700,0.8575,0.7009,0.6202
logreg_all_features_v2_tuned,0.2800,0.8540,0.7103,0.6265
logreg_all_features_v2_tuned,0.2900,0.8478,0.7162,0.6298
logreg_all_features_v2_tuned,0.3000,0.8408,0.7242,0.6383
logreg_all_features_v2_tuned,0.3100,0.8382,0.7336,0.6436
logreg_all_features_v2_tuned,0.3200,0.8303,0.7416,0.6483
logreg_all_features_v2_tuned,0.3300,0.8267,0.7460,0.6511
logreg_all_features_v2_tuned,0.3400,0.8232,0.7542,0.6560
logreg_all_features_v2_tuned,0.3500,0.8153,0.7636,0.6572
logreg_all_features_v2_tuned,0.3600,0.8100,0.7714,0.6601
logreg_all_features_v2_tuned,0.3700,0.8065,0.7818,0.6631
logreg_all_features_v2_tuned,0.3800,0.8012,0.7853,0.6645
logreg_all_features_v2_tuned,0.3900,0.8004,0.7927,0.6707
logreg_all_features_v2_tuned,0.4000,0.7933,0.8018,0.6731
logreg_all_features_v2_tuned,0.4100,0.7863,0.8047,0.6736
logreg_all_features_v2_tuned,0.4200,0.7819,0.8111,0.6772
logreg_all_features_v2_tuned,0.4300,0.7748,0.8157,0.6780
logreg_all_features_v2_tuned,0.4400,0.7678,0.8213,0.6797
logreg_all_features_v2_tuned,0.4500,0.7608,0.8207,0.6780
logreg_all_features_v2_tuned,0.4600,0.7546,0.8282,0.6809
logreg_all_features_v2_tuned,0.4700,0.7502,0.8322,0.6819
logreg_all_features_v2_tuned,0.4800,0.7441,0.8351,0.6823
logreg_all_features_v2_tuned,0.4900,0.7361,0.8395,0.6834
logreg_all_features_v2_tuned,0.5000,0.7309,0.8445,0.6853
logreg_all_features_v2_tuned,0.5100,0.7282,0.8492,0.6869
logreg_all_features_v2_tuned,0.5200,0.7221,0.8543,0.6886
logreg_all_features_v2_tuned,0.5300,0.7150,0.8567,0.6877
logreg_all_features_v2_tuned,0.5400,0.7089,0.8611,0.6887
logreg_all_features_v2_tuned,0.5500,0.7045,0.8688,0.6911
logreg_all_features_v2_tuned,0.5600,0.7010,0.8768,0.6938
logreg_all_features_v2_tuned,0.5700,0.6948,0.8807,0.6929
logreg_all_features_v2_tuned,0.5800,0.6878,0.8806,0.6908
logreg_all_features_v2_tuned,0.5900,0.6860,0.8854,0.6912
logreg_all_features_v2_tuned,0.6000,0.6834,0.8880,0.6909
logreg_all_features_v2_tuned,0.6100,0.6790,0.8925,0.6919
logreg_all_features_v2_tuned,0.6200,0.6763,0.8942,0.6920
logreg_all_features_v2_tuned,0.6300,0.6719,0.8988,0.6921
logreg_all_features_v2_tuned,0.6400,0.6675,0.9025,0.6912
logreg_all_features_v2_tuned,0.6500,0.6640,0.9053,0.6916
logreg_all_features_v2_tuned,0.6600,0.6614,0.9060,0.6911
logreg_all_features_v2_tuned,0.6700,0.6579,0.9100,0.6914
logreg_all_features_v2_tuned,0.6800,0.6570,0.9166,0.6939
logreg_all_features_v2_tuned,0.6900,0.6517,0.9216,0.6942
logreg_all_features_v2_tuned,0.7000,0.6447,0.9220,0.6920
forest_all_features_v2_tuned,,0.7731,0.8192,0.6862
forest_all_features_v2_tuned,0.2000,0.9033,0.6190,0.5617
forest_all_features_v2_tuned,0.2100,0.8953,0.6284,0.5660
forest_all_features_v2_tuned,0.2200,0.8874,0.6431,0.5782
forest_all_features_v2_tuned,0.2300,0.8839,0.6513,0.5838
forest_all_features_v2_tuned,0.2400,0.8804,0.6634,0.5917
forest_all_features_v2_tuned,0.2500,0.8707,0.6703,0.5952
forest_all_features_v2_tuned,0.2600,0.8672,0.6781,0.6020
forest_all_features_v2_tuned,0.2700,0.8602,0.6926,0.6124
forest_all_features_v2_tuned,0.2800,0.8531,0.7019,0.6159
forest_all_features_v2_tuned,0.2900,0.8496,0.7134,0.6212
forest_all_features_v2_tuned,0.3000,0.8461,0.7271,0.6294
forest_all_features_v2_tuned,0.3100,0.8364,0.7361,0.6387
forest_all_features_v2_tuned,0.3200,0.8303,0.7439,0.6443
forest_all_features_v2_tuned,0.3300,0.8223,0.7522,0.6486
forest_all_features_v2_tuned,0.3400,0.8135,0.7601,0.6492
forest_all_features_v2_tuned,0.3500,0.8056,0.7665,0.6542
forest_all_features_v2_tuned,0.3600,0.8004,0.7784,0.6598
forest_all_features_v2_tuned,0.3700,0.7916,0.7874,0.6638
forest_all_features_v2_tuned,0.3800,0.7836,0.7934,0.6663
forest_all_features_v2_tuned,0.3900,0.7775,0.8022,0.6724
forest_all_features_v2_tuned,0.4000,0.7669,0.8052,0.6712
forest_all_features_v2_tuned,0.4100,0.7643,0.8152,0.6773
forest_all_features_v2_tuned,0.4200,0.7555,0.8228,0.6799
forest_all_features_v2_tuned,0.4300,0.7493,0.8288,0.6809
forest_all_features_v2_tuned,0.4400,0.7432,0.8358,0.6834
forest_all_features_v2_tuned,0.4500,0.7370,0.8465,0.6873
forest_all_features_v2_tuned,0.4600,0.7291,0.8538,0.6894
forest_all_features_v2_tuned,0.4700,0.7265,0.8577,0.6911
forest_all_features_v2_tuned,0.4800,0.7212,0.8659,0.6936
forest_all_features_v2_tuned,0.4900,0.7142,0.8684,0.6930
forest_all_features_v2_tuned,0.5000,0.7071,0.8749,0.6935
forest_all_features_v2_tuned,0.5100,0.7001,0.8825,0.6947
forest_all_features_v2_tuned,0.5200,0.6922,0.8883,0.6948
forest_all_features_v2_tuned,0.5300,0.6895,0.8960,0.6964
forest_all_features_v2_tuned,0.5400,0.6790,0.8987,0.6943
forest_all_features_v2_tuned,0.5500,0.6675,0.9004,0.6917
forest_all_features_v2_tuned,0.5600,0.6596,0.9047,0.6911
forest_all_features_v2_tuned,0.5700,0.6561,0.9109,0.6920
forest_all_features_v2_tuned,0.5800,0.6464,0.9130,0.6892
forest_all_features_v2_tuned,0.5900,0.6447,0.9151,0.6894
forest_all_features_v2_tuned,0.6000,0.6315,0.9146,0.6850
forest_all_features_v2_tuned,0.6100,0.6236,0.9184,0.6841
forest_all_features_v2_tuned,0.6200,0.6095,0.9228,0.6813
forest_all_features_v2_tuned,0.6300,0.6016,0.9256,0.6792
forest_all_features_v2_tuned,0.6400,0.5954,0.9274,0.6778
forest_all_features_v2_tuned,0.6500,0.5875,0.9317,0.6767
forest_all_features_v2_tuned,0.6600,0.5787,0.9333,0.6741
forest_all_features_v2_tuned,0.6700,0.5699,0.9351,0.6717
forest_all_features_v2_tuned,0.6800,0.5594,0.9381,0.6685
forest_all_features_v2_tuned,0.6900,0.5515,0.9400,0.6656
forest_all_features_v2_tuned,0.7000,0.5400,0.9446,0.6622
